epoch,stage,train_loss,val_loss,val_ods_threshold,val_ods_precision,val_ods_recall,val_ods_f1,val_ods_iou,val_f1_at_0.5,val_iou_at_0.5,lr_encoder,lr_new
1,1,0.7648490762254995,0.7129578553140163,0.45,0.26904835732662247,0.4455047166321063,0.33548889945172544,0.20155401747769564,0.3334502212836629,0.20008416522697786,0.0,0.0003
2,1,0.698575208521193,0.6834021005779505,0.4,0.3140449377611497,0.499227580431797,0.3855531594101092,0.23881440361903447,0.37344728790493403,0.2295943347719231,0.0,0.0003
3,2,0.6685340184314995,0.6586855351924896,0.55,0.33930869102264694,0.5132728030709092,0.40854258309389063,0.25670971698892353,0.406472944996351,0.2550775298856913,1e-05,0.0001
4,2,0.6570147416394228,0.6536259520798922,0.4,0.3948277315618589,0.5197977632317458,0.4487750951530844,0.2893036939716825,0.4376212597754122,0.28009934371771167,1e-05,0.0001
5,2,0.650566662193104,0.6545503064990044,0.4,0.37605144374997185,0.527221473263996,0.4389866948570252,0.28121906034415123,0.43371342103015664,0.27690553367022575,1e-05,0.0001
6,2,0.642391040446652,0.6416521202772856,0.45,0.36769790702394595,0.5509011862415472,0.4410307274263347,0.2828989225029737,0.44085952421281344,0.2827580523109889,1e-05,0.0001
7,2,0.6375215091523091,0.6409024950116873,0.45,0.39605295499235305,0.523436075964216,0.45092088683115894,0.29108964351649036,0.4476187486790589,0.28834331018760656,1e-05,0.0001
8,2,0.6308892111110079,0.6541610974818468,0.35,0.3684368023323673,0.5355051317173883,0.43653201811006537,0.27920752018367617,0.4137824233198429,0.26086107568285855,1e-05,0.0001
9,2,0.6285206090872455,0.6359247602522373,0.45,0.3763238906682422,0.5460266412562286,0.4455635096069593,0.2866398932093379,0.44355039700957294,0.28497575260861235,1e-05,0.0001
10,2,0.6239928451313335,0.6183832734823227,0.5,0.40405433865496465,0.5505267071284581,0.46605305132185243,0.3038260558642303,0.46605305132185243,0.3038260558642303,1e-05,0.0001
11,2,0.6187213689658293,0.6350398939102888,0.45,0.3895641947321451,0.5242752701212591,0.44699070521216683,0.2878222987540027,0.4414638609640731,0.2832554535675714,1e-05,0.0001
12,2,0.6131081740567639,0.620209589600563,0.5,0.41180450943864444,0.5315879899585456,0.46409173608701254,0.30216110362259524,0.46409173608701254,0.30216110362259524,1e-05,0.0001
13,2,0.6095470520341473,0.6052825432270765,0.55,0.4086940682483148,0.548674163467803,0.46845063076396226,0.3058671435434257,0.4669259231560916,0.30456840292892917,1e-05,0.0001
14,2,0.6037209288329836,0.6129593327641487,0.55,0.4048246264544159,0.5369263476285095,0.46161037066919053,0.3000607660557283,0.4597215101362358,0.2984664871720033,1e-05,0.0001
15,2,0.5983755003874469,0.6406602077186108,0.4,0.4154010235201098,0.5176988754798295,0.46094237708098834,0.2994965037155363,0.453592433014057,0.29332010700008443,1e-05,0.0001
16,2,0.5892769667752988,0.6101637650281191,0.4,0.3994809621316192,0.5563000019851905,0.46502549929359305,0.3029532406431408,0.4600968793591398,0.29878300341885256,1e-05,0.0001
17,2,0.5836506235371729,0.6047389451414347,0.45,0.38080049676460853,0.5511574562852033,0.4504088032342926,0.29066298529210916,0.4502597775156982,0.29053887289181407,1e-05,0.0001
18,2,0.5778451941575214,0.5977045875042677,0.55,0.4183102966299115,0.5492940843128443,0.47493660812508287,0.3114208961118623,0.4733554348665037,0.31006263388171923,1e-05,0.0001
19,2,0.5761917525795615,0.6294705849140882,0.4,0.3932244217701657,0.5297011566441618,0.45137210605919637,0.29146582456976594,0.4445461929013849,0.2857983894298964,1e-05,0.0001
20,2,0.5741818642160695,0.6092811264097691,0.45,0.45207683337098475,0.5345035128847886,0.48984688666801735,0.3243690208254615,0.4888124526525921,0.32346246732287204,1e-05,0.0001
21,2,0.5736767949572035,0.6261440292000771,0.4,0.4380717091289369,0.5110548038902515,0.4717572385299703,0.30869260462008213,0.4629022396553508,0.30115341496012493,1e-05,0.0001
22,2,0.5704477839409166,0.6026943195611238,0.45,0.45011576954695265,0.5385397660723729,0.49037350726095225,0.3248310158966703,0.48798423519050754,0.3227375312796368,1e-05,0.0001
23,2,0.5656122271042721,0.6138401031494141,0.45,0.46003708526668063,0.5218470212216862,0.48899657507750577,0.32362373705578357,0.4863375397628072,0.3212985408164232,1e-05,0.0001
24,2,0.5699382014335341,0.5908597465604544,0.55,0.44994907971840203,0.5298428270556196,0.4866386235297969,0.32156141361612084,0.4857488549227063,0.3207848688124397,1e-05,0.0001
25,2,0.56397777814774,0.6066667530685663,0.55,0.4227980470536002,0.5190163200704562,0.4659922255907368,0.303774357186806,0.46466770724538636,0.3026496019384206,1e-05,0.0001
26,2,0.5610446280734555,0.5900262854993343,0.6,0.4217037359128489,0.5224543090364066,0.46670350402248606,0.3043791629647932,0.460911575014527,0.29947049664731085,1e-05,0.0001
27,2,0.558752899147143,0.6160740070044994,0.45,0.40487138377835075,0.5350440261106689,0.4609436401502225,0.29949757018333867,0.4579008737601714,0.296933488884526,1e-05,0.0001
28,2,0.5555398141502574,0.5909125469624996,0.55,0.425332641215085,0.5515761510044161,0.4802973276654592,0.31604690602250163,0.4789835837244829,0.3149101999157646,5e-06,5e-05
29,2,0.542394087572766,0.5808591153472662,0.55,0.4334439219314502,0.5512585205277719,0.4853032648907665,0.32039632333119705,0.48362371238103946,0.318933840056569,5e-06,5e-05
30,2,0.5385024004681095,0.5889491084963083,0.5,0.40732069024431916,0.5378169762661454,0.46355994424948355,0.3017104002948198,0.46355994424948355,0.3017104002948198,5e-06,5e-05
31,3,0.5368108291914508,0.5844410415738821,0.5,0.4600545966124487,0.5445747451286133,0.4987593021348268,0.3322314022288919,0.4987593021348268,0.3322314022288919,5e-06,5e-05
32,3,0.5366017178745027,0.5913588609546423,0.45,0.4433263407508887,0.5513054432118216,0.49145468446905544,0.3257805247276142,0.49088028819429963,0.3252759104226058,5e-06,5e-05
33,3,0.5345207293322132,0.5864788889884949,0.5,0.43672788126558143,0.538562325055089,0.482328606657699,0.3178083271343001,0.482328606657699,0.3178083271343001,5e-06,5e-05
34,3,0.5335391598522283,0.5711778849363327,0.55,0.46809077796360427,0.543502742269939,0.5029858660932378,0.33599273026273585,0.5028321485440198,0.3358555609212559,5e-06,5e-05
35,3,0.5308448222412425,0.5808080788701773,0.55,0.4522569437781,0.5316349126425953,0.48874391881270174,0.3234024497216425,0.488719304351605,0.3233808952624293,5e-06,5e-05
36,3,0.5288612984927596,0.5758989304304123,0.55,0.44317458486669237,0.5547470416150065,0.4927236435200454,0.32689668447446263,0.4914264851763139,0.32575574232704796,5e-06,5e-05
37,3,0.530250491989646,0.5765441730618477,0.55,0.44750231301912147,0.5403264375034966,0.48955313446844273,0.32411145710588035,0.488748116249909,0.3234061254151138,5e-06,5e-05
38,3,0.5276917414680408,0.5779816955327988,0.55,0.4712914862914863,0.5304871116019946,0.4991403485981952,0.3325696364293606,0.49868684977244027,0.33216710963788754,5e-06,5e-05
39,3,0.5282222879160742,0.5852696970105171,0.5,0.44411734128338004,0.5473738637040406,0.4903688985104694,0.3248269713220864,0.4903688985104694,0.3248269713220864,5e-06,5e-05
40,3,0.5272195160768594,0.5790853910148144,0.55,0.4205076858772387,0.5601232983759337,0.48037672842933726,0.31611566986127176,0.47780392815406286,0.31389118457955256,2.5e-06,2.5e-05
41,3,0.5205249328901813,0.582269012928009,0.5,0.43849255513256596,0.5620904416687872,0.4926577300850766,0.3268386616086092,0.4926577300850766,0.3268386616086092,2.5e-06,2.5e-05
42,3,0.5177989590699505,0.5806324295699596,0.55,0.4270698511025111,0.5386218807694598,0.4764028909616147,0.31268298432404823,0.47488166245754015,0.31137364935415657,2.5e-06,2.5e-05
43,3,0.517927719719091,0.6095246504992247,0.45,0.47437065197626727,0.5084821775012949,0.4908344664130775,0.32523567195871633,0.48751730700672385,0.3223291805355495,2.5e-06,2.5e-05
44,3,0.5176130402240025,0.5993649624288082,0.45,0.45575928131443133,0.5138232422491847,0.4830526663154618,0.3184373350274246,0.47958615193780557,0.31543132322101,2.5e-06,2.5e-05
45,3,0.5148975414455317,0.5790544208139181,0.5,0.44476904404733836,0.5548778837147607,0.49375934452240366,0.32780906738030063,0.49375934452240366,0.32780906738030063,2.5e-06,2.5e-05
46,3,0.5149950715386944,0.5812815222889185,0.55,0.4563970115037341,0.5292319298036646,0.4901233335018617,0.32461150263259997,0.48996642360283316,0.32447386022492186,1.25e-06,1.25e-05
47,3,0.5104458857873443,0.5877066571265459,0.45,0.4553001550101578,0.547844895263155,0.4973036863749234,0.33094091059239855,0.4967223817489951,0.33042624710059143,1.25e-06,1.25e-05
48,3,0.5100474215237198,0.5836681146174669,0.5,0.43750076910214475,0.5453850637877795,0.4855220756665396,0.3205870933247334,0.4855220756665396,0.3205870933247334,1.25e-06,1.25e-05
49,3,0.5090697994277735,0.5840342398732901,0.55,0.4420367810181499,0.5305836640480199,0.48227959037123885,0.31776576720689015,0.48164377432123506,0.31721394899008054,1.25e-06,1.25e-05
